{
  "swagger": "2.0",
  "info": {
    "title": "src/Npcf.proto",
    "version": "version not set"
  },
  "schemes": [
    "http",
    "https"
  ],
  "consumes": [
    "application/json"
  ],
  "produces": [
    "application/json"
  ],
  "paths": {
    "/v1/AccessMobilityPolicy": {
      "post": {
        "operationId": "AccessMobilityPolicy",
        "responses": {
          "200": {
            "description": "",
            "schema": {
              "$ref": "#/definitions/NpcfUEContextEstablishmentResponse"
            }
          }
        },
        "parameters": [
          {
            "name": "body",
            "in": "body",
            "required": true,
            "schema": {
              "$ref": "#/definitions/NpcfUEContextEstablishmentRequest"
            }
          }
        ],
        "tags": [
          "PolicyDecision"
        ]
      }
    }
  },
  "definitions": {
    "NpcfEventType": {
      "type": "string",
      "enum": [
        "SGSN_CHANGE",
        "QOS_CHANGE",
        "RAT_CHANGE",
        "TFT_CHANGE",
        "PLMN_CHANGE",
        "LOSS_OF_BEARER",
        "RECOVERY_OF_BEARER",
        "IP_CAN_CHANGE",
        "QOS_CHANGE_EXCEEDING_AUTHORIZATION",
        "RAI_CHANGE",
        "USER_LOCATION_CHANGE",
        "NO_EVENT_TRIGGERS",
        "OUT_OF_CREDIT",
        "REALLOCATION_OF_CREDIT",
        "REVALIDATION_TIMEOUT",
        "UE_IP_ADDRESS_ALLOCATE",
        "UE_IP_ADDRESS_RELEASE",
        "DEFAULT_EPS_BEARER_QOS_CHANGE",
        "AN_GW_CHANGE",
        "SUCCESSFUL_RESOURCE_ALLOCATION",
        "RESOURCE_MODIFICATION_REQUEST",
        "PGW_TRACE_CONTROL",
        "UE_TIME_ZONE_CHANGE",
        "TAI_CHANGE",
        "ECGI_CHANGE",
        "CHARGING_CORRELATION_EXCHANGE",
        "APN_AMBR_MODIFICATION_FAILURE",
        "USER_CSG_INFORMATION_CHANGE",
        "USAGE_REPORT",
        "DEFAULT_EPS_BEARER_QOS_MODIFICATION_FAILURE",
        "USER_CSG_HYBRID_SUBSCRIBED_INFORMATION_CHANGE",
        "USER_CSG_HYBRID_UNSUBSCRIBED_INFORMATION_CHANGE",
        "ROUTING_RULE_CHANGE",
        "APPLICATION_START",
        "APPLICATION_STOP",
        "CS_TO_PS_HANDOVER",
        "UE_LOCAL_IP_ADDRESS_CHANGE",
        "H_E_NB_LOCAL_IP_ADDRESS_CHANGE",
        "ACCESS_NETWORK_INFO_REPORT",
        "CREDIT_MANAGEMENT_SESSION_FAILURE",
        "DEFAULT_QOS_CHANGE",
        "CHANGE_OF_UE_PRESENCE_IN_PRESENCE_REPORTING_AREA_REPORT",
        "ADDITION_OF_ACCESS",
        "REMOVAL_OF_ACCESS",
        "UNAVAILABLITY_OF_ACCESS",
        "AVAILABLITY_OF_ACCESS",
        "RESOURCE_RELEASE",
        "ENODEB_CHANGE",
        "TGPP_PS_DATA_OFF_CHANGE"
      ],
      "default": "SGSN_CHANGE"
    },
    "NpcfPLMN": {
      "type": "object",
      "properties": {
        "MNC": {
          "type": "string"
        },
        "MCC": {
          "type": "string"
        }
      }
    },
    "NpcfPolicyType": {
      "type": "string",
      "enum": [
        "AccessPolicy",
        "MobilityPolicy"
      ],
      "default": "AccessPolicy"
    },
    "NpcfRATType": {
      "type": "string",
      "enum": [
        "WLAN",
        "VIRTUAL",
        "UTRAN",
        "GERAN",
        "GAN",
        "HSPA_EVOLUTION",
        "EUTRAN",
        "EUTRAN_NB_IoT",
        "CDMA2000_1X",
        "HRPD",
        "UMB",
        "EHRPD"
      ],
      "default": "WLAN"
    },
    "NpcfSubscriptionInformation": {
      "type": "object",
      "properties": {
        "subscriptionType": {
          "$ref": "#/definitions/NpcfSubscriptionType"
        },
        "subscriptionIDData": {
          "type": "string"
        }
      }
    },
    "NpcfSubscriptionType": {
      "type": "string",
      "enum": [
        "END_USER_E164",
        "END_USER_IMSI",
        "END_USER_SIP_URI",
        "END_USER_NAI",
        "END_USER_PRIVATE"
      ],
      "default": "END_USER_E164"
    },
    "NpcfTGPPUserLocationInformation": {
      "type": "object",
      "properties": {
        "LocationType": {
          "$ref": "#/definitions/NpcfTGPPUserLocationType"
        },
        "Location": {
          "type": "string"
        }
      }
    },
    "NpcfTGPPUserLocationType": {
      "type": "string",
      "enum": [
        "CGI",
        "SAI",
        "RAI",
        "TAI",
        "ECGI",
        "TAIandECGI"
      ],
      "default": "CGI"
    },
    "NpcfUEContextEstablishmentRequest": {
      "type": "object",
      "properties": {
        "DeviceInformation": {
          "$ref": "#/definitions/NpcfSubscriptionInformation"
        },
        "ServingPLMN": {
          "$ref": "#/definitions/NpcfPLMN"
        },
        "LocationInformation": {
          "$ref": "#/definitions/NpcfTGPPUserLocationInformation"
        },
        "RAT": {
          "$ref": "#/definitions/NpcfRATType"
        },
        "TGPP_MS_TimeZone": {
          "type": "string"
        },
        "S_NSSAI": {
          "type": "string"
        },
        "RequestedPolicy": {
          "type": "array",
          "items": {
            "$ref": "#/definitions/NpcfPolicyType"
          }
        }
      }
    },
    "NpcfUEContextEstablishmentResponse": {
      "type": "object",
      "properties": {
        "ResultCode": {
          "type": "integer",
          "format": "int64"
        },
        "AccessPolicyValue": {
          "type": "string"
        },
        "MobilityPolicyValue": {
          "type": "string"
        },
        "EventTrigger": {
          "$ref": "#/definitions/NpcfEventType"
        }
      }
    }
  }
}
